{
  "train_loss": [
    0.826987521907392,
    0.7716935644515406,
    0.773703037169033,
    0.7644744648720129,
    0.7572693262999051,
    0.7456878158992852,
    0.7518049963175679,
    0.7424169211341931,
    0.7460398974890907,
    0.7453331452208205,
    0.7356453337989295,
    0.7345692818157208,
    0.7216161219075846,
    0.7359586617055411,
    0.7273735434483415,
    0.733180160434863,
    0.7266307827382804,
    0.728032785673111,
    0.7195918948505633,
    0.7222343599453521,
    0.7229811688200735,
    0.7195598315507078,
    0.7262785377593848,
    0.7213661922052645,
    0.7271701219363715,
    0.7198697263821245,
    0.7168818702712988,
    0.7157187178112067,
    0.7205693104777473,
    0.711300213496906,
    0.7087877920260445,
    0.7229989753744472,
    0.7245683866187026,
    0.7123930185747603,
    0.714152763255488,
    0.7053632445800038,
    0.7130441297167025,
    0.7100794258209082,
    0.7032098143626326,
    0.7115392378343942,
    0.7068269911665506,
    0.7118756242643911,
    0.7136777146174885,
    0.7090133697080155,
    0.7086794391607705,
    0.7128687390504173,
    0.7036644797355603,
    0.7072722222477483,
    0.711885754959271,
    0.7121083715472358,
    0.69624154779096,
    0.7075191707656787,
    0.7083757106488505,
    0.6986333954448517,
    0.7103411608610671,
    0.7101090076251533,
    0.703142279062789,
    0.7028832663171969,
    0.7049170518264222,
    0.7090266562117555,
    0.7069587642773272,
    0.6972961837110428,
    0.7056424857709355,
    0.7037819026948545,
    0.701571962703912,
    0.6975284784365767,
    0.7120099190515451,
    0.6966729696375874,
    0.6982856131971072,
    0.7041676318683563,
    0.7101996685750187,
    0.7022549527140852,
    0.705156925577706,
    0.7061256794883801,
    0.7051440248855005,
    0.7026127875803377,
    0.6967306933083093,
    0.7040393011638532,
    0.6955455622543543,
    0.7021492847238486,
    0.7040485230307229,
    0.6979671055897356,
    0.6958783444124289,
    0.7061495257261843,
    0.707979561517033,
    0.6943889873477217,
    0.699832569581632,
    0.6998522569196293,
    0.7059171877730007,
    0.6939443914463725,
    0.6953694779461566,
    0.700681126917513,
    0.7079441057988249,
    0.6982153920700755,
    0.7039571142615602,
    0.7010281538239683,
    0.6936380228105063,
    0.7035166628825398,
    0.7010442325101492,
    0.711889945470487
  ],
  "val_loss": [
    0.7711623832583427,
    0.7617003973573446,
    0.7562017813324928,
    0.7512490637600422,
    0.7484064772725105,
    0.7465306241065264,
    0.7443003747612238,
    0.742370642721653,
    0.7408431861549616,
    0.7386332061141729,
    0.7357445880770683,
    0.7341498043388128,
    0.7339020017534494,
    0.7311484534293413,
    0.7309897784143686,
    0.7291309628635645,
    0.7280470877885818,
    0.7259331364184618,
    0.7248872984200716,
    0.7247260995209217,
    0.7243703175336123,
    0.7230444569140673,
    0.7212044112384319,
    0.7218240257352591,
    0.720144085586071,
    0.7198381498456001,
    0.719315979629755,
    0.7190457507967949,
    0.7182869166135788,
    0.7182069923728704,
    0.7177043408155441,
    0.7164581101387739,
    0.7161884363740683,
    0.7150365393608809,
    0.7142860647290945,
    0.7143434956669807,
    0.7140956521034241,
    0.713393235579133,
    0.7130712885409594,
    0.712523577734828,
    0.7123313192278147,
    0.7123645097017288,
    0.7116763573139906,
    0.7117501460015774,
    0.7111912127584219,
    0.7123391572386026,
    0.7106070779263973,
    0.7113606687635183,
    0.7109959349036217,
    0.7103096395730972,
    0.7095753494650126,
    0.7094470839947462,
    0.7093110699206591,
    0.708851333707571,
    0.7089272309094667,
    0.7080486342310905,
    0.7078738771378994,
    0.7079763133078814,
    0.7075913809239864,
    0.7074072510004044,
    0.7069063037633896,
    0.7067073360085487,
    0.7068531531840563,
    0.7070481814444065,
    0.7068619076162577,
    0.7070333510637283,
    0.7067722827196121,
    0.7068876810371876,
    0.7065468616783619,
    0.7059378251433372,
    0.7060594949871302,
    0.7058137599378824,
    0.7059296388179064,
    0.7056407686322927,
    0.705874927341938,
    0.7053835578262806,
    0.705252205953002,
    0.7052604593336582,
    0.7052455320954323,
    0.7051644660532475,
    0.7052288539707661,
    0.7051939964294434,
    0.7052491921931505,
    0.7050976902246475,
    0.7050538826733828,
    0.704995533451438,
    0.7049953304231167,
    0.7050175685435534,
    0.7051014974713326,
    0.7050221785902977,
    0.7050102315843105,
    0.7051069587469101,
    0.7050458155572414,
    0.7049682196229696,
    0.7049941383302212,
    0.704981679096818,
    0.7049721535295248,
    0.7049653101712465,
    0.7049640621989965,
    0.7049636356532574
  ],
  "best_val_loss": 0.7049636356532574
}