{
  "train_loss": [
    0.8284290471016028,
    0.7709121011887876,
    0.7749664212187258,
    0.7655969631557648,
    0.758007138872299,
    0.7470941745435087,
    0.7511042444088969,
    0.7412030946332425,
    0.7445887110103815,
    0.7441027924275627,
    0.7330259025668184,
    0.7325747826228888,
    0.7196143928427285,
    0.7346564702713452,
    0.7256561767178983,
    0.7313327364647351,
    0.7248814260235991,
    0.7264132235949032,
    0.7177308287483435,
    0.7200977303349553,
    0.7208414546217019,
    0.7181714215217688,
    0.7243238192396804,
    0.720068669452454,
    0.7251157966284706,
    0.7186023941436134,
    0.7151696958100072,
    0.7130228473355595,
    0.7193301139167323,
    0.709250389958342,
    0.7073767289947778,
    0.7208709407347841,
    0.7229426750740685,
    0.7102150006796986,
    0.712267631063827,
    0.7036058445708059,
    0.7113520594450612,
    0.7087500822810701,
    0.7013244307079254,
    0.7092953633766966,
    0.7049028540190797,
    0.7106837386521287,
    0.7119361760136419,
    0.7074546234104961,
    0.7064466607837251,
    0.7108611093161586,
    0.7022341347921389,
    0.705548598362615,
    0.7096252479492285,
    0.7102606630744264,
    0.6947249282663241,
    0.7070730029584501,
    0.7059907484740114,
    0.6970059951654257,
    0.7089679744868232,
    0.7085295414772278,
    0.7006454095482445,
    0.7010592506906856,
    0.7036272477798949,
    0.7081159927403203,
    0.7047248655995622,
    0.6951989779076256,
    0.7031425301449749,
    0.7024573513303702,
    0.699066879269414,
    0.6956528378561282,
    0.7090755223085324,
    0.6952295183373717,
    0.6970455829327861,
    0.7019191412880017,
    0.708200209818709,
    0.700474066570544,
    0.7033783980070973,
    0.7039914373010873,
    0.7035330810105077,
    0.7012926786661909,
    0.6949919868772403,
    0.7022541444332074,
    0.6939941261903927,
    0.7001593044390694,
    0.7023379122868133,
    0.6962395432277229,
    0.6949161877647375,
    0.7055056513117525,
    0.7059128970955126,
    0.6930709855434612,
    0.6983087966426874,
    0.698529410666932,
    0.704719144886675,
    0.6920521504962787,
    0.6941099273511016,
    0.6990503329819384,
    0.7065901426842418,
    0.6965613010021063,
    0.7025827788316403,
    0.6995867656442685,
    0.6931767479870647,
    0.7020091963842654,
    0.6998973108899479,
    0.710589088190097
  ],
  "val_loss": [
    0.7705446183681488,
    0.7631451934576035,
    0.757870202884078,
    0.7530218232423067,
    0.7492281459271908,
    0.7439993415027857,
    0.739911587908864,
    0.7376420963555574,
    0.7354286592453718,
    0.7338717170059681,
    0.7317093461751938,
    0.73066546022892,
    0.7293545641005039,
    0.7282968461513519,
    0.7270020935684443,
    0.7266610823571682,
    0.724702587351203,
    0.723637081682682,
    0.7220062594860792,
    0.7208184488117695,
    0.7207150738686323,
    0.7187418323010206,
    0.7182781659066677,
    0.7171702608466148,
    0.716464264318347,
    0.7175590489059687,
    0.7156596221029758,
    0.7151336558163166,
    0.7141264490783215,
    0.7136851735413074,
    0.7143633011728525,
    0.712931752204895,
    0.712323971092701,
    0.7116566225886345,
    0.7111704088747501,
    0.7112757340073586,
    0.7099737375974655,
    0.7098581939935684,
    0.7094326261430979,
    0.7089735232293606,
    0.7087082546204329,
    0.7090572919696569,
    0.708306698128581,
    0.7083477228879929,
    0.7083418965339661,
    0.7076315134763718,
    0.7072229012846947,
    0.7075150180608034,
    0.707411702722311,
    0.706919964402914,
    0.7064689956605434,
    0.7062118239700794,
    0.705821281298995,
    0.7054355181753635,
    0.7047717999666929,
    0.7047782689332962,
    0.7046122923493385,
    0.7047112639993429,
    0.7039986662566662,
    0.7035387326031923,
    0.7035944014787674,
    0.7029689140617847,
    0.7031451594084501,
    0.7034270763397217,
    0.7032505739480257,
    0.7033899985253811,
    0.7029808219522238,
    0.7030025981366634,
    0.7029044684022665,
    0.7022320777177811,
    0.7024986129254103,
    0.702461464330554,
    0.7026306167244911,
    0.70232018455863,
    0.7021601349115372,
    0.701961936429143,
    0.7016058191657066,
    0.7016055546700954,
    0.7015491742640734,
    0.7014591805636883,
    0.7015696987509727,
    0.7015154678374529,
    0.7015472035855055,
    0.7015566490590572,
    0.7014792021363974,
    0.7014613691717386,
    0.7014562394469976,
    0.7014973778277636,
    0.7015211842954159,
    0.7014945689588785,
    0.7014852538704872,
    0.7015031725168228,
    0.7014925442636013,
    0.7014813721179962,
    0.7014759574085474,
    0.701453622430563,
    0.7014614678919315,
    0.7014580927789211,
    0.7014600057154894,
    0.7014599870890379
  ],
  "best_val_loss": 0.701453622430563
}